{
    "now": "2021-10-13T21:38:41.847Z",
    "perfNow": 136660.09999990463,
    "diagnosticCorrelation": "f7eb5b87-8e54-4d30-a063-54b06c787574",
    "source": "DownloadSupportFiles",
    "environment": {
        "productName": "adf",
        "buildVersion": "1.0.20211011.4",
        "environmentType": 3,
        "resourceName": "covid-reporting-adf-omkar",
        "resourceRegion": "northeurope",
        "resourceGroup": "OmkarRG",
        "subscriptionId": "2140bf03-8091-47c1-a614-e983dc6ac0d0",
        "sessionId": "Y7aN+",
        "operationId": "7f1pB",
        "gitType": "live"
    },
    "additionalInfo": {
        "selectedResource": "pl_ingest_ecdc_data",
        "selectedResourceType": "pipeline"
    }
}