{
    "name": "ds_ecdc_raw_csv_http",
    "properties": {
        "linkedServiceName": {
            "referenceName": "ls_http_opendata_ecdc_europa_eu_fixed",
            "type": "LinkedServiceReference",
            "parameters": {
                "sourceBaseURL": {
                    "value": "@dataset().baseURL",
                    "type": "Expression"
                }
            }
        },
        "parameters": {
            "relativeURL": {
                "type": "string"
            },
            "baseURL": {
                "type": "string"
            }
        },
        "annotations": [],
        "type": "DelimitedText",
        "typeProperties": {
            "location": {
                "type": "HttpServerLocation",
                "relativeUrl": {
                    "value": "@dataset().relativeURL",
                    "type": "Expression"
                }
            },
            "columnDelimiter": ",",
            "escapeChar": "\\",
            "firstRowAsHeader": true,
            "quoteChar": "\""
        },
        "schema": []
    },
    "type": "Microsoft.DataFactory/factories/datasets"
}