{
    "name": "pl_ingest_population_data",
    "properties": {
        "activities": [
            {
                "name": "Check If File Exists",
                "type": "Validation",
                "dependsOn": [],
                "userProperties": [],
                "typeProperties": {
                    "dataset": {
                        "referenceName": "ds_population_raw_gz",
                        "type": "DatasetReference"
                    },
                    "timeout": "0.00:10:00",
                    "sleep": 10
                }
            },
            {
                "name": "Get File Metadata",
                "type": "GetMetadata",
                "dependsOn": [
                    {
                        "activity": "Check If File Exists",
                        "dependencyConditions": [
                            "Succeeded"
                        ]
                    }
                ],
                "policy": {
                    "timeout": "7.00:00:00",
                    "retry": 0,
                    "retryIntervalInSeconds": 30,
                    "secureOutput": false,
                    "secureInput": false
                },
                "userProperties": [],
                "typeProperties": {
                    "dataset": {
                        "referenceName": "ds_population_raw_gz",
                        "type": "DatasetReference"
                    },
                    "fieldList": [
                        "columnCount",
                        "size",
                        "exists"
                    ],
                    "storeSettings": {
                        "type": "AzureBlobStorageReadSettings",
                        "recursive": true,
                        "enablePartitionDiscovery": false
                    },
                    "formatSettings": {
                        "type": "DelimitedTextReadSettings"
                    }
                }
            },
            {
                "name": "If Column Count Matches",
                "type": "IfCondition",
                "dependsOn": [
                    {
                        "activity": "Get File Metadata",
                        "dependencyConditions": [
                            "Succeeded"
                        ]
                    }
                ],
                "userProperties": [],
                "typeProperties": {
                    "expression": {
                        "value": "@equals(activity('Get File Metadata').output.columnCount, 13)",
                        "type": "Expression"
                    },
                    "ifFalseActivities": [
                        {
                            "name": "Send Email",
                            "type": "WebActivity",
                            "dependsOn": [],
                            "policy": {
                                "timeout": "7.00:00:00",
                                "retry": 0,
                                "retryIntervalInSeconds": 30,
                                "secureOutput": false,
                                "secureInput": false
                            },
                            "userProperties": [],
                            "typeProperties": {
                                "url": "https://file_incompatible",
                                "method": "POST",
                                "body": "test"
                            }
                        }
                    ],
                    "ifTrueActivities": [
                        {
                            "name": "Copy Population Data",
                            "type": "Copy",
                            "dependsOn": [],
                            "policy": {
                                "timeout": "0.00:05:00",
                                "retry": 0,
                                "retryIntervalInSeconds": 30,
                                "secureOutput": false,
                                "secureInput": false
                            },
                            "userProperties": [],
                            "typeProperties": {
                                "source": {
                                    "type": "DelimitedTextSource",
                                    "storeSettings": {
                                        "type": "AzureBlobStorageReadSettings",
                                        "recursive": true,
                                        "enablePartitionDiscovery": false
                                    },
                                    "formatSettings": {
                                        "type": "DelimitedTextReadSettings"
                                    }
                                },
                                "sink": {
                                    "type": "DelimitedTextSink",
                                    "storeSettings": {
                                        "type": "AzureBlobFSWriteSettings"
                                    },
                                    "formatSettings": {
                                        "type": "DelimitedTextWriteSettings",
                                        "quoteAllText": true,
                                        "fileExtension": ".txt"
                                    }
                                },
                                "enableStaging": false,
                                "translator": {
                                    "type": "TabularTranslator",
                                    "typeConversion": true,
                                    "typeConversionSettings": {
                                        "allowDataTruncation": true,
                                        "treatBooleanAsNumber": false
                                    }
                                }
                            },
                            "inputs": [
                                {
                                    "referenceName": "ds_population_raw_gz",
                                    "type": "DatasetReference"
                                }
                            ],
                            "outputs": [
                                {
                                    "referenceName": "ds_population_raw_tsv",
                                    "type": "DatasetReference"
                                }
                            ]
                        },
                        {
                            "name": "Delete Source File",
                            "type": "Delete",
                            "dependsOn": [
                                {
                                    "activity": "Copy Population Data",
                                    "dependencyConditions": [
                                        "Succeeded"
                                    ]
                                }
                            ],
                            "policy": {
                                "timeout": "7.00:00:00",
                                "retry": 0,
                                "retryIntervalInSeconds": 30,
                                "secureOutput": false,
                                "secureInput": false
                            },
                            "userProperties": [],
                            "typeProperties": {
                                "dataset": {
                                    "referenceName": "ds_population_raw_gz",
                                    "type": "DatasetReference"
                                },
                                "enableLogging": false,
                                "storeSettings": {
                                    "type": "AzureBlobStorageReadSettings",
                                    "recursive": true,
                                    "enablePartitionDiscovery": false
                                }
                            }
                        }
                    ]
                }
            }
        ],
        "annotations": [],
        "lastPublishTime": "2021-07-23T13:40:49Z"
    },
    "type": "Microsoft.DataFactory/factories/pipelines"
}