{
    "name": "tr_ingest_population_data",
    "properties": {
        "annotations": [],
        "runtimeState": "Stopped",
        "pipelines": [
            {
                "pipelineReference": {
                    "referenceName": "pl_ingest_population_data",
                    "type": "PipelineReference"
                }
            }
        ],
        "type": "BlobEventsTrigger",
        "typeProperties": {
            "blobPathBeginsWith": "/population/blobs/population_by_age.tsv.gz",
            "ignoreEmptyBlobs": true,
            "scope": "/subscriptions/2140bf03-8091-47c1-a614-e983dc6ac0d0/resourceGroups/OmkarRG/providers/Microsoft.Storage/storageAccounts/covidreportingsaeu",
            "events": [
                "Microsoft.Storage.BlobCreated"
            ]
        }
    }
}