{
    "now": "2021-10-13T21:38:50.002Z",
    "perfNow": 144815.09999990463,
    "diagnosticCorrelation": "7f3984e0-c9dc-4f52-9cf8-a432d3bb46bb",
    "source": "DownloadSupportFiles",
    "environment": {
        "productName": "adf",
        "buildVersion": "1.0.20211011.4",
        "environmentType": 3,
        "resourceName": "covid-reporting-adf-omkar",
        "resourceRegion": "northeurope",
        "resourceGroup": "OmkarRG",
        "subscriptionId": "2140bf03-8091-47c1-a614-e983dc6ac0d0",
        "sessionId": "Y7aN+",
        "operationId": "7f1pB",
        "gitType": "live"
    },
    "additionalInfo": {
        "selectedResource": "ds_ecdc_file_list",
        "selectedResourceType": "dataset"
    }
}