{
    "now": "2021-10-13T21:39:03.201Z",
    "perfNow": 158014.09999990463,
    "diagnosticCorrelation": "74bee21c-3750-4334-89a5-ed7374b9dc45",
    "source": "DownloadSupportFiles",
    "environment": {
        "productName": "adf",
        "buildVersion": "1.0.20211011.4",
        "environmentType": 3,
        "resourceName": "covid-reporting-adf-omkar",
        "resourceRegion": "northeurope",
        "resourceGroup": "OmkarRG",
        "subscriptionId": "2140bf03-8091-47c1-a614-e983dc6ac0d0",
        "sessionId": "Y7aN+",
        "operationId": "7f1pB",
        "gitType": "live"
    },
    "additionalInfo": {
        "selectedResource": "ds_ecdc_raw_csv_http",
        "selectedResourceType": "dataset"
    }
}