{
    "now": "2021-10-13T21:38:46.902Z",
    "perfNow": 141714.89999985695,
    "diagnosticCorrelation": "9b3e2fec-a8cb-4d8b-80f6-7e9562c98467",
    "source": "DownloadSupportFiles",
    "environment": {
        "productName": "adf",
        "buildVersion": "1.0.20211011.4",
        "environmentType": 3,
        "resourceName": "covid-reporting-adf-omkar",
        "resourceRegion": "northeurope",
        "resourceGroup": "OmkarRG",
        "subscriptionId": "2140bf03-8091-47c1-a614-e983dc6ac0d0",
        "sessionId": "Y7aN+",
        "operationId": "7f1pB",
        "gitType": "live"
    },
    "additionalInfo": {
        "selectedResource": "pl_ingest_population_data",
        "selectedResourceType": "pipeline"
    }
}