{
    "now": "2021-10-13T21:39:06.123Z",
    "perfNow": 160935.59999990463,
    "diagnosticCorrelation": "a12808fc-4135-4861-94de-56a607ba378c",
    "source": "DownloadSupportFiles",
    "environment": {
        "productName": "adf",
        "buildVersion": "1.0.20211011.4",
        "environmentType": 3,
        "resourceName": "covid-reporting-adf-omkar",
        "resourceRegion": "northeurope",
        "resourceGroup": "OmkarRG",
        "subscriptionId": "2140bf03-8091-47c1-a614-e983dc6ac0d0",
        "sessionId": "Y7aN+",
        "operationId": "7f1pB",
        "gitType": "live"
    },
    "additionalInfo": {
        "selectedResource": "ds_population_raw_gz",
        "selectedResourceType": "dataset"
    }
}