{
    "now": "2021-10-13T21:39:08.480Z",
    "perfNow": 163292.59999990463,
    "diagnosticCorrelation": "5d90d06d-0e60-498e-9ebf-517d825cb4bd",
    "source": "DownloadSupportFiles",
    "environment": {
        "productName": "adf",
        "buildVersion": "1.0.20211011.4",
        "environmentType": 3,
        "resourceName": "covid-reporting-adf-omkar",
        "resourceRegion": "northeurope",
        "resourceGroup": "OmkarRG",
        "subscriptionId": "2140bf03-8091-47c1-a614-e983dc6ac0d0",
        "sessionId": "Y7aN+",
        "operationId": "7f1pB",
        "gitType": "live"
    },
    "additionalInfo": {
        "selectedResource": "ds_population_raw_tsv",
        "selectedResourceType": "dataset"
    }
}