{
    "now": "2021-10-13T21:38:58.365Z",
    "perfNow": 153177.59999990463,
    "diagnosticCorrelation": "14d0cd55-6025-4ac3-a8ac-0cd16c799ca1",
    "source": "DownloadSupportFiles",
    "environment": {
        "productName": "adf",
        "buildVersion": "1.0.20211011.4",
        "environmentType": 3,
        "resourceName": "covid-reporting-adf-omkar",
        "resourceRegion": "northeurope",
        "resourceGroup": "OmkarRG",
        "subscriptionId": "2140bf03-8091-47c1-a614-e983dc6ac0d0",
        "sessionId": "Y7aN+",
        "operationId": "7f1pB",
        "gitType": "live"
    },
    "additionalInfo": {
        "selectedResource": "ds_ecdc_raw_csv_dl",
        "selectedResourceType": "dataset"
    }
}