{
    "name": "ds_ecdc_file_list",
    "properties": {
        "linkedServiceName": {
            "referenceName": "ls_ablob_covidreportingsa",
            "type": "LinkedServiceReference"
        },
        "annotations": [],
        "type": "Json",
        "typeProperties": {
            "location": {
                "type": "AzureBlobStorageLocation",
                "fileName": "ecdc_file_list.json",
                "container": "configs"
            }
        },
        "schema": {
            "type": "object",
            "properties": {
                "sourceRelativeURL": {
                    "type": "string"
                },
                "sinkFileName": {
                    "type": "string"
                }
            }
        }
    },
    "type": "Microsoft.DataFactory/factories/datasets"
}